{"cameraMode":{"drawMode":0,"name":"Shaded","section":"Shading Mode"},"sceneLighting":false,"audioPlay":false,"sceneViewState":{"m_AlwaysRefresh":false,"showFog":false,"showSkybox":false,"showFlares":false,"showImageEffects":false,"showParticleSystems":false,"showVisualEffectGraphs":true,"m_FxEnabled":true},"in2DMode":false,"pivot":{"x":0.37705376744270327,"y":1.9461112022399903,"z":-0.10584306716918946},"rotation":{"x":0.007241205777972937,"y":-0.9832941889762878,"z":0.17740653455257417,"w":0.040136951953172687},"size":2.2682690620422365,"orthographic":false}